﻿{
  "ReRoutes": [
    // Authentication
    {
      "DownstreamPathTemplate": "/api/user/",
      "DownstreamScheme": "http",
      "DownstreamHostAndPorts": [
        {
          "Host": "localhost",
          "Port": 58965
        }
      ],
      "UpstreamPathTemplate": "/api/user/",
      "UpstreamHttpMethod": [ "Get" ]
    },
    // Catalog Service Route
    {
      "DownstreamPathTemplate": "/api/product/",
      "DownstreamScheme": "http",
      "DownstreamHostAndPorts": [
        {
          "Host": "localhost",
          "Port": 58967
        }
      ],
      "UpstreamPathTemplate": "/api/product/",
      "UpstreamHttpMethod": [ "Get" ]
    },
    // Transaction Service Route
    {
      "DownstreamPathTemplate": "/api/transaction/",
      "DownstreamScheme": "http",
      "DownstreamHostAndPorts": [
        {
          "Host": "localhost",
          "Port": 58964
        }
      ],
      "UpstreamPathTemplate": "/api/transaction/",
      "UpstreamHttpMethod": [ "Get" ]
    },
    {
      "DownstreamPathTemplate": "/api/user/getbyid/{id}",
      "DownstreamScheme": "http",
      "DownstreamHostAndPorts": [
        {
          "Host": "localhost",
          "Port": 58965
        }
      ],
      "UpstreamPathTemplate": "/api/user/getbyid/{id}",
      "UpstreamHttpMethod": [ "Get" ],
      "Key": "user-profile"
    },
    {
      "DownstreamPathTemplate": "/api/transaction/getbyuserid/{id}",
      "DownstreamScheme": "http",
      "DownstreamHostAndPorts": [
        {
          "Host": "localhost",
          "Port": 58964
        }
      ],
      "UpstreamPathTemplate": "/api/transaction/getbyuserid/{id}",
      "UpstreamHttpMethod": [ "Get" ],
      "Key": "user-transactions"
    }
  ],

  "Aggregates": [
    {
      "ReRouteKeys": [
        "user-transactions",
        "user-profile"
      ],
      "UpstreamPathTemplate": "/api/user-transactions/{id}"
    }
  ],

  "GlobalConfiguration": {
    "BaseUrl": "http://localhost:58966"
  }
}